Designator,Mid X,Mid Y,Rotation,Layer
C1,-137.200000,-85.700000,90.000000,bottom
C2,-137.200000,-82.200000,-90.000000,bottom
C3,-126.200000,-74.800000,-90.000000,bottom
C4,-126.200000,-78.500000,90.000000,bottom
U1,-131.700000,-83.900000,180.000000,bottom
U3,-131.700000,-76.600000,0.000000,bottom
